num_points,max_abs_rel_error
3,99.9352695
4,99.97430599999998
5,99.9925542
6,99.999999998004
7,99.99999999983488
8,99.99999999999699
9,99.99999999997462
10,99.99868971
11,99.996735555
12,99.99579376000001
13,99.99469520000001
14,339.851
15,345.73900000000003
16,390.15299999999996
17,399.96
18,398.63000000000005
19,399.1940000000001
20,395.193
21,373.38899999999995
