num_points,max_abs_rel_error
3,99.99316299
4,99.94275109090908
5,100.0
6,100.0
7,99.99372427692307
8,99.99129692307692
9,99.99898618461538
10,109.02416
11,99.99999954922154
12,99.99998827284615
13,99.99999450410769
14,100.0
15,99.99996101100001
16,99.99999730547
17,99.99999790669
18,99.99487507692308
19,99.99248327692307
20,100.0
21,99.99954000666666
