num_points,max_abs_rel_error
3,400.0
4,99.71517999999999
5,89.35119999999999
6,87.9538
7,87.7
8,99.5
9,88.0772
10,25.0195
11,99.5
12,88.08975
13,99.208175
14,99.461775
15,99.44885500000001
16,99.49916499999999
17,99.5
18,99.499965
19,99.496955
20,89.46660000000001
21,87.91019999999999
