num_points,max_abs_rel_error
3,100.0
4,100.0
5,99.999394571
6,100.0
7,100.0
8,100.0
9,100.0
10,100.0
11,100.0
12,100.0
13,100.0
14,100.0
15,2.041538461538462
16,100.0
17,100.0
18,100.0
19,2.0408163265306047
20,97.54212
21,0.0010000000000065512
