num_points,max_abs_rel_error
3,328.68
4,300.0
5,301.1333333333333
6,118.13100000000001
7,203.98555555555555
8,122.2111111111111
9,82.22666666666666
10,89.692
11,129.654
12,322.2222222222222
13,112.32083333333334
14,80.99090909090908
15,207.20666666666668
16,322.2222222222222
17,264.73333333333335
18,81.31363636363636
19,82.45416666666667
20,322.2222222222222
21,171.3111111111111
