num_points,max_abs_rel_error
3,594.8499999999999
4,579.0500000000001
5,571.35
6,569.05
7,574.5
8,579.5
9,578.75
10,575.95
11,567.3
12,578.65
13,566.95
14,566.4
15,578.4
16,579.9
17,578.05
18,578.65
19,578.95
20,578.5999999999999
21,580.0500000000001
