num_points,max_abs_rel_error
3,218.33499999999995
4,980.0000000000001
5,980.0000000000001
6,980.0000000000001
7,980.0000000000001
8,980.0000000000001
9,980.0000000000001
10,980.0000000000001
11,980.0000000000001
12,980.0000000000001
13,980.0000000000001
14,980.0000000000001
15,980.0000000000001
16,980.0000000000001
17,980.0000000000001
18,980.0000000000001
19,980.0000000000001
20,980.0000000000001
21,980.0000000000001
