num_points,max_abs_rel_error
3,152.28
4,428.27000000000004
5,62.370999999999995
6,50.32
7,60.513000000000005
8,54.613
9,57.952999999999996
10,54.122
11,57.316
12,528.9599999999999
13,54.479
14,60.645
15,193.15
16,53.971000000000004
17,50.113
18,428.6499999999999
19,58.497
20,60.227
21,56.909000000000006
