num_points,max_abs_rel_error
3,4900.0
4,16.99000000000001
5,99.46975
6,75.93749999999999
7,96.8838
8,99.5
9,99.5
10,99.5
11,99.5
12,99.5
13,99.5
14,99.5
15,99.5
16,99.5
17,99.5
18,99.5
19,99.5
20,99.5
21,99.5
