num_points,max_abs_rel_error
3,99.2255
4,54.848000000000006
5,37.69897959183674
6,62.03571428571429
7,55.792307692307695
8,62.033076923076926
9,62.60923076923076
10,36.887
11,54.847
12,56.359183673469396
13,34.21300000000001
14,61.07959183673471
15,59.42448979591837
16,36.209
17,54.847
18,54.847
19,54.847
20,54.847
21,49.037
