num_points,max_abs_rel_error
3,64.37988888888889
4,64.81188888888889
5,62.153111111111116
6,64.01988888888889
7,66.64311111111111
8,66.62477777777778
9,69.71541666666667
10,74.991
11,68.64075
12,69.94883333333334
13,74.96041666666666
14,74.76166666666666
15,70.52733333333333
16,74.34058333333333
17,74.65966666666667
18,74.94133333333333
19,74.992
20,74.4915
21,73.90908333333334
