num_points,max_abs_rel_error
3,550.6949999999999
4,512.755
5,475.94999999999993
6,579.4599999999999
7,429.84499999999997
8,436.74
9,497.12500000000006
10,526.995
11,500.695
12,648.81
13,507.28499999999997
14,446.54499999999996
15,237.14399999999998
16,505.5899999999999
17,590.1350000000001
18,473.19500000000005
19,445.7
20,579.995
21,620.45
