num_points,max_abs_rel_error
3,97.18019
4,99.29506099999999
5,99.79694099999999
6,99.99266272
7,99.999504806
8,99.99999632591
9,99.999999475496
10,99.99999988991401
11,99.9999999966944
12,99.99999999964466
13,99.99999999997931
14,99.99999999878099
15,99.99999999994745
16,99.99999999967035
17,99.9999999999982
18,107.87599999999999
19,100.0
20,100.0
21,99.99999999999999
